{"v":"4.8.0","meta":{"g":"LottieFiles AE ","a":"","k":"","d":"","tc":""},"fr":25,"ip":0,"op":50,"w":250,"h":250,"nm":"whatsappCall","ddd":0,"assets":[],"layers":[{"ddd":0,"ind":1,"ty":4,"nm":"Shape Layer 2","sr":1,"ks":{"o":{"a":0,"k":100,"ix":11},"r":{"a":1,"k":[{"i":{"x":[0.667],"y":[1]},"o":{"x":[0.542],"y":[0]},"t":2.996,"s":[0]},{"i":{"x":[0.667],"y":[1]},"o":{"x":[0.333],"y":[0]},"t":10.613,"s":[15]},{"i":{"x":[0.667],"y":[1]},"o":{"x":[0.333],"y":[0]},"t":17.937,"s":[-15]},{"i":{"x":[0.667],"y":[1]},"o":{"x":[0.333],"y":[0]},"t":33.215,"s":[15]},{"i":{"x":[0.394],"y":[1]},"o":{"x":[0.333],"y":[0]},"t":40.538,"s":[-15]},{"t":47.8623046875,"s":[0]}],"ix":10},"p":{"a":0,"k":[125,125,0],"ix":2},"a":{"a":0,"k":[0,0,0],"ix":1},"s":{"a":0,"k":[100,100,100],"ix":6}},"ao":0,"shapes":[{"ind":0,"ty":"sh","ix":1,"ks":{"a":0,"k":{"i":[[0,0],[-2.977,-5.952],[-2.569,-3.921],[0,0],[-6.273,-6.321],[-10.66,-3.864],[-8.173,6.082],[-0.492,5.177],[0.135,0.862],[3.716,1.882],[2.446,-2.591],[0,0],[1.833,0.758],[5.188,6.188],[1.662,2.492],[-3.217,3.163],[0,2.537],[0.41,0.893],[0.408,1.002],[0,0],[4.027,0.317],[3.754,-5.046],[0,-4.692]],"o":[[0,6.394],[2.36,4.718],[0,0],[5.615,6.835],[8.12,8.182],[8.93,3.237],[3.872,-2.882],[0.145,-1.524],[-0.408,-2.602],[-4.275,-2.165],[0,0],[-1.083,1.32],[-7.589,-3.14],[-1.915,-2.284],[-2.274,-3.41],[1.523,-1.497],[0,-1.212],[-0.418,-0.91],[0,0],[-2.558,-6.383],[-4.854,-0.382],[-2.043,2.747],[0,0]],"v":[[-38.208,-19.182],[-34.99,-4.461],[-29.487,4.373],[-26.494,8.547],[-16.309,19.864],[10.722,35.797],[35.854,34.37],[42.209,23.511],[42.365,20.176],[34.599,15.049],[20.558,10.756],[14.256,18.781],[10.207,19.832],[-10.571,5.488],[-15.612,-1.299],[-15.596,-8.678],[-11.037,-16.311],[-12.099,-19.187],[-13.225,-22.01],[-16.808,-30.617],[-23.528,-36.079],[-33.869,-30.983],[-38.208,-19.182]],"c":false},"ix":2},"nm":"Path 1","mn":"ADBE Vector Shape - Group","hd":false},{"ty":"fl","c":{"a":0,"k":[1,1,1,1],"ix":4},"o":{"a":0,"k":100,"ix":5},"r":1,"bm":0,"nm":"Fill 1","mn":"ADBE Vector Graphic - Fill","hd":false}],"ip":0,"op":50,"st":0,"bm":0},{"ddd":0,"ind":2,"ty":4,"nm":"Shape Layer 1","sr":1,"ks":{"o":{"a":0,"k":100,"ix":11},"r":{"a":0,"k":0,"ix":10},"p":{"a":0,"k":[125,125,0],"ix":2},"a":{"a":0,"k":[0,0,0],"ix":1},"s":{"a":0,"k":[100,100,100],"ix":6}},"ao":0,"shapes":[{"ind":0,"ty":"sh","ix":1,"ks":{"a":0,"k":{"i":[[-37.201,0],[0,-37.201],[37.201,0],[10.657,7.07],[0,0],[0,0],[0,14.303]],"o":[[37.201,0],[0,37.201],[-13.748,0],[0,0],[0,0],[-7.602,-10.907],[0,-37.201]],"v":[[0.566,-66.792],[67.925,0.566],[2.567,67.925],[-34.78,58.588],[-64.125,65.257],[-56.122,37.246],[-66.792,0.566]],"c":true},"ix":2},"nm":"Path 1","mn":"ADBE Vector Shape - Group","hd":false},{"ty":"st","c":{"a":0,"k":[1,1,1,1],"ix":3},"o":{"a":0,"k":100,"ix":4},"w":{"a":0,"k":13,"ix":5},"lc":1,"lj":1,"ml":4,"bm":0,"nm":"Stroke 1","mn":"ADBE Vector Graphic - Stroke","hd":false},{"ty":"fl","c":{"a":0,"k":[0.137254908681,0.701960802078,0.227450981736,1],"ix":4},"o":{"a":0,"k":100,"ix":5},"r":1,"bm":0,"nm":"Fill 1","mn":"ADBE Vector Graphic - Fill","hd":false}],"ip":0,"op":50,"st":0,"bm":0},{"ddd":0,"ind":3,"ty":4,"nm":"Shape Layer 3","sr":1,"ks":{"o":{"a":1,"k":[{"i":{"x":[0.667],"y":[1]},"o":{"x":[0.333],"y":[0]},"t":1,"s":[100]},{"t":49,"s":[0]}],"ix":11},"r":{"a":0,"k":0,"ix":10},"p":{"a":0,"k":[125,125,0],"ix":2},"a":{"a":0,"k":[0,0,0],"ix":1},"s":{"a":1,"k":[{"i":{"x":[0.667,0.667,0.667],"y":[1,1,1]},"o":{"x":[0.333,0.333,0.333],"y":[0,0,0]},"t":1,"s":[100,100,100]},{"t":49,"s":[163,163,100]}],"ix":6}},"ao":0,"shapes":[{"ty":"gr","it":[{"d":1,"ty":"el","s":{"a":0,"k":[143,143],"ix":2},"p":{"a":0,"k":[0,0],"ix":3},"nm":"Ellipse Path 1","mn":"ADBE Vector Shape - Ellipse","hd":false},{"ty":"fl","c":{"a":0,"k":[0.137254908681,0.701960802078,0.227450981736,1],"ix":4},"o":{"a":0,"k":100,"ix":5},"r":1,"bm":0,"nm":"Fill 1","mn":"ADBE Vector Graphic - Fill","hd":false},{"ty":"tr","p":{"a":0,"k":[0,0],"ix":2},"a":{"a":0,"k":[0,0],"ix":1},"s":{"a":0,"k":[100,100],"ix":3},"r":{"a":0,"k":0,"ix":6},"o":{"a":0,"k":100,"ix":7},"sk":{"a":0,"k":0,"ix":4},"sa":{"a":0,"k":0,"ix":5},"nm":"Transform"}],"nm":"Ellipse 1","np":2,"cix":2,"bm":0,"ix":1,"mn":"ADBE Vector Group","hd":false}],"ip":0,"op":50,"st":0,"bm":0}],"markers":[]}