{"assets/collection/collection.txt":["assets/collection/collection.txt"],"assets/credentials/credentials.json":["assets/credentials/credentials.json"],"assets/fonts/favicon.png":["assets/fonts/favicon.png"],"assets/images/Captura_de_pantalla_2025-03-13_234358.png":["assets/images/Captura_de_pantalla_2025-03-13_234358.png"],"assets/images/JvsnINJ2CZv.svg":["assets/images/JvsnINJ2CZv.svg"],"assets/images/Meta_Inc._logo.jpg":["assets/images/Meta_Inc._logo.jpg"],"assets/images/Meta_Inc._logo_(2).jpg":["assets/images/Meta_Inc._logo_(2).jpg"],"assets/images/Screenshot_22.jpg":["assets/images/Screenshot_22.jpg"],"assets/images/background_wa.jpg":["assets/images/background_wa.jpg"],"assets/images/errorwatsap.jpg":["assets/images/errorwatsap.jpg"],"assets/images/favicon.png":["assets/images/favicon.png"],"assets/images/images_(3).png":["assets/images/images_(3).png"],"assets/images/trilogonegro.png":["assets/images/trilogonegro.png"],"assets/images/watchrome.png":["assets/images/watchrome.png"],"assets/images/watsapsegura.jpg":["assets/images/watsapsegura.jpg"],"assets/images/wsbackrgoun.jpg":["assets/images/wsbackrgoun.jpg"],"assets/jsons/Alert.json":["assets/jsons/Alert.json"],"assets/jsons/Animationreloj.json":["assets/jsons/Animationreloj.json"],"assets/jsons/favicon.png":["assets/jsons/favicon.png"],"assets/jsons/whatsapp_loop.json":["assets/jsons/whatsapp_loop.json"],"assets/rive_animations/favicon.png":["assets/rive_animations/favicon.png"],"packages/cupertino_icons/assets/CupertinoIcons.ttf":["packages/cupertino_icons/assets/CupertinoIcons.ttf"],"packages/font_awesome_flutter/lib/fonts/Font Awesome 7 Brands-Regular-400.otf":["packages/font_awesome_flutter/lib/fonts/Font Awesome 7 Brands-Regular-400.otf"],"packages/font_awesome_flutter/lib/fonts/Font Awesome 7 Free-Regular-400.otf":["packages/font_awesome_flutter/lib/fonts/Font Awesome 7 Free-Regular-400.otf"],"packages/font_awesome_flutter/lib/fonts/Font Awesome 7 Free-Solid-900.otf":["packages/font_awesome_flutter/lib/fonts/Font Awesome 7 Free-Solid-900.otf"]}